epoch,train_loss,val_loss,lr,train_seconds,val_seconds,epoch_seconds
1,0.4194114313330702,0.456093935282914,0.001,1.4518941600000002,0.013907202000000396,1.4658218319999996
2,0.29116821368108087,0.3767712015510995,0.001,0.08366650600000014,0.01072259599999903,0.09440614199999864
3,0.24164178394929484,0.21588008942859713,0.001,0.08078204700000136,0.010574273000001355,0.09136208000000146
