feature,importance
Moving Average 20 Day,0.004276078484549849
Bid Price,0.0029180826502111694
Price to Book Ratio,0.0028997642763671167
Price to Sales Ratio,0.002362752100258033
High Price,0.0022278864213675117
Price Earnings Ratio,0.002038412602295606
Price Change 1 Day Percent,0.0020364738156740552
Ask Price,0.0018269678417574269
Low Price,0.001388412530057397
Dividend Indicated Yld - Gross,0.0013027859262220304
