epoch,train_loss,val_loss,lr,train_seconds,val_seconds,epoch_seconds
1,0.7069533428410902,0.4739556639761358,0.001,1.482762020000001,0.00802805200000023,1.490805313
2,0.2844547331867252,0.12257984416051344,0.001,0.04625645999999861,0.006557842999999508,0.052825643000000255
3,0.20707986447759855,0.1030343946043428,0.001,0.04589130000000097,0.007251500999998939,0.05315136199999948
