feature,importance
Bid Price,0.004219615835838825
Ask Price,0.0029805715852238373
Moving Average 20 Day,0.0020856886350280584
Low Price,0.002077225983645093
Price Change 1 Day Percent,0.0020265852440683346
Price to Book Ratio,0.0018762174223412762
High Price,0.001814281457261593
Price to Sales Ratio,0.0017283304722380277
Dividend Indicated Yld - Gross,0.0013229203884624363
Price Earnings Ratio,0.0011950749592991169
