feature,importance
Moving Average 20 Day,173130178360.21814
Low Price,173130178360.21793
High Price,0.0043426882294094245
Bid Price,0.003319877467269112
Price to Book Ratio,0.0026105194035990448
Ask Price,0.0022369393016645183
Price to Sales Ratio,0.001853365519545902
Price Earnings Ratio,0.0013522156090946468
Price Change 1 Day Percent,0.0012632752495969463
Dividend Indicated Yld - Gross,0.0009901067859562354
