feature,importance
Moving Average 20 Day,0.01746704264660368
High Price,0.016620261655147527
Price Change 1 Day Percent,0.014960563708640018
Bid Price,0.00990873695735076
Price Earnings Ratio,0.008485441971182202
Low Price,0.007060893867552883
Price to Sales Ratio,0.006680267026240475
Price to Book Ratio,0.002935295188979667
Ask Price,0.0004919318625720117
Dividend Indicated Yld - Gross,0.0001560128029918203
