feature,importance
Price to Book Ratio,0.0026688679852481935
Price to Sales Ratio,0.0023061930018041634
Dividend Indicated Yld - Gross,0.002295111843304469
Moving Average 20 Day,0.002212562908050083
Bid Price,0.0018017927337069238
Ask Price,0.0016902640183319973
High Price,0.0016834820618205903
Price Change 1 Day Percent,0.001305738761760074
Price Earnings Ratio,0.0012798710377520232
Low Price,0.0010944496940086892
