feature,importance
Price Earnings Ratio,0.010340490552092267
Ask Price,0.005520262487836936
Bid Price,0.004903883194423375
Moving Average 20 Day,0.0047900560960572785
High Price,0.004415837172806873
Price to Sales Ratio,0.0015016678788621596
Dividend Indicated Yld - Gross,0.0011887891825088956
Low Price,0.0
Price to Book Ratio,0.0
Price Change 1 Day Percent,0.0
