feature,importance
Price to Book Ratio,0.010972581809619441
Price Change 1 Day Percent,0.007992155927543843
High Price,0.007246430522839849
Price to Sales Ratio,0.006138702289899802
Dividend Indicated Yld - Gross,0.005684396051219662
Bid Price,0.005393880390329286
Moving Average 20 Day,0.003635264017308748
Low Price,0.002267624797726365
Ask Price,0.0021263857954181794
Price Earnings Ratio,0.0016704135574400487
