feature,importance
Bid Price,0.009197943886295738
Ask Price,0.00845649606961695
Moving Average 20 Day,0.004669424747499208
Price to Sales Ratio,0.004634775707353244
Low Price,0.002421595624753038
Price Earnings Ratio,0.001923146562544655
High Price,0.001566981454083112
Price Change 1 Day Percent,0.0012150295730879975
Dividend Indicated Yld - Gross,0.0005543739709537465
Price to Book Ratio,0.0
