feature,importance
Ask Price,0.005037008898643512
Low Price,0.0032239995607456083
Bid Price,0.0030780710685284637
Price to Book Ratio,0.0025597149071812106
High Price,0.0021074901467422
Moving Average 20 Day,0.0020527730329206635
Price to Sales Ratio,0.00191257896065453
Dividend Indicated Yld - Gross,0.0017648256321434895
Price Earnings Ratio,0.0013827125034976727
Price Change 1 Day Percent,0.0013449227735605955
