feature,importance
Bid Price,0.026372123922919852
Ask Price,0.02229888846470405
Dividend Indicated Yld - Gross,0.011834686694459784
Price to Book Ratio,0.010448698337616712
High Price,0.006322177707140025
Price Earnings Ratio,0.0052424117573536926
Price to Sales Ratio,0.004764197189231504
Price Change 1 Day Percent,0.00434455184149556
Low Price,0.003749448580331065
Moving Average 20 Day,0.0018958881128734598
