feature,importance
Price Earnings Ratio,29748564639531.4
Price Change 1 Day Percent,14874282319765.707
Moving Average 20 Day,14874282319765.705
Dividend Indicated Yld - Gross,0.008494667040116708
High Price,0.007547741427280985
Price to Book Ratio,0.005909743031137133
Bid Price,0.004874425189591579
Price to Sales Ratio,0.0030573868157789653
Low Price,0.0027773531589441237
Ask Price,0.0027457264908694236
