feature,importance
Bid Price,0.021277380622448012
High Price,0.015010309608417125
Ask Price,0.005664885983181493
Price to Book Ratio,0.00527039159824685
Price to Sales Ratio,0.005083908400711759
Low Price,0.0041118587910863825
Moving Average 20 Day,0.002615013119121105
Price Change 1 Day Percent,0.0012041919800491675
Price Earnings Ratio,0.0005519157877036643
Dividend Indicated Yld - Gross,0.00038282456613766684
