feature,importance
Low Price,0.0037884346698944817
High Price,0.003542683971955096
Price to Sales Ratio,0.0027658151778821695
Dividend Indicated Yld - Gross,0.0022959216023793875
Price Earnings Ratio,0.002269322159779793
Price to Book Ratio,0.0021393902481781344
Bid Price,0.0020244762280167113
Moving Average 20 Day,0.0016730389821763972
Ask Price,0.0016463407554573584
Price Change 1 Day Percent,0.0012281970194285856
