epoch,train_loss,val_loss,lr
1,0.5118783341300103,0.3370084770909556,0.001
