feature,importance
Dividend Indicated Yld - Gross,0.007890118291025925
Bid Price,0.004862866606870534
Price Change 1 Day Percent,0.00459990867950385
Price to Book Ratio,0.004350502940360457
High Price,0.0019200036996658634
Moving Average 20 Day,0.0018951656546657163
Ask Price,0.0016196210104681091
Price to Sales Ratio,0.0015128734259633341
Low Price,0.0010794870594205955
Price Earnings Ratio,0.0
