feature,importance
Low Price,0.013492311240018661
Price to Book Ratio,0.007170900611931251
Price to Sales Ratio,0.004511188357395844
Bid Price,0.004051943800877787
High Price,0.00372329249163159
Price Earnings Ratio,0.0022926927431641754
Price Change 1 Day Percent,0.001785632565928004
Moving Average 20 Day,0.0015148172737099155
Dividend Indicated Yld - Gross,0.0003659041081037807
Ask Price,0.00021061985986307364
