feature,importance
Bid Price,0.004594088294312306
Ask Price,0.003534584161686468
High Price,0.0030825464493577114
Low Price,0.0028636215922690834
Price to Sales Ratio,0.002606206117823607
Moving Average 20 Day,0.0024539414305769433
Price Change 1 Day Percent,0.0020084639063657436
Price to Book Ratio,0.001912236246636735
Price Earnings Ratio,0.0018217071766393914
Dividend Indicated Yld - Gross,0.0017387373039582559
