feature,importance
Low Price,0.0035165434567680483
Ask Price,0.003513378411433032
Bid Price,0.0026430473310704206
High Price,0.002430043710469004
Moving Average 20 Day,0.0023895372063063632
Price to Book Ratio,0.0021728023024859063
Price Change 1 Day Percent,0.0021007771293094046
Price to Sales Ratio,0.0020535465110851354
Dividend Indicated Yld - Gross,0.0019146884437176465
Price Earnings Ratio,0.0018430577000219392
