feature,importance
Low Price,0.0039613891985918566
High Price,0.0035592226680630106
Moving Average 20 Day,0.003390553448159717
Dividend Indicated Yld - Gross,0.003385983359781961
Price to Book Ratio,0.0028661018110813894
Price Change 1 Day Percent,0.0027150250720103706
Ask Price,0.002700280973892888
Bid Price,0.002426881543765027
Price Earnings Ratio,0.0023398799587201185
Price to Sales Ratio,0.0021993609050030916
