feature,importance
Price Change 1 Day Percent,0.008639315595695104
Bid Price,0.007944343551838144
Ask Price,0.005923398324133204
Price to Sales Ratio,0.0046791833282137886
Low Price,0.0037603086745366487
Dividend Indicated Yld - Gross,0.0033112088590860323
Price to Book Ratio,0.0028973345528356736
Moving Average 20 Day,0.0022893840579005674
Price Earnings Ratio,0.00035049385934446414
High Price,0.00029553982118764554
