feature,importance
Bid Price,0.011803302981247233
Moving Average 20 Day,0.00862831270432151
High Price,0.005858895566780112
Price to Sales Ratio,0.003961946263330504
Price Earnings Ratio,0.0038854052647366226
Dividend Indicated Yld - Gross,0.0035369756180443747
Price Change 1 Day Percent,0.001570308051789955
Ask Price,0.000966752176949134
Price to Book Ratio,0.0009327119177517801
Low Price,0.000699476273601038
