epoch,train_loss,val_loss,lr,train_seconds,val_seconds,epoch_seconds
1,0.517332160921507,0.14273254267680338,0.001,1.0586768729999996,0.012765281000000073,1.071457284000001
2,0.23107344325511686,0.14551078812989876,0.001,0.07944788000000003,0.010921509999999301,0.09038048999999937
3,0.1684004728084824,0.10273214080533781,0.001,0.07815482100000004,0.01095969100000005,0.0891210719999993
