feature,importance
Bid Price,0.0036307010917387933
Low Price,0.0026509078155158967
Ask Price,0.00227413507756785
High Price,0.0019767614611547898
Moving Average 20 Day,0.001746754237916742
Price Earnings Ratio,0.001707363468904465
Price to Sales Ratio,0.00155548057405394
Price to Book Ratio,0.0014086873867134528
Dividend Indicated Yld - Gross,0.0013360783216704096
Price Change 1 Day Percent,0.0010266159341078779
