feature,importance
High Price,0.007837190047617506
Moving Average 20 Day,0.00558431735691972
Price Earnings Ratio,0.004834473761862187
Bid Price,0.0033231122649569943
Price to Book Ratio,0.0027923678249232044
Dividend Indicated Yld - Gross,0.0013557114133921767
Price Change 1 Day Percent,0.0012968268235218382
Ask Price,0.000566955049375623
Price to Sales Ratio,0.0004335922185529138
Low Price,1.3325518618022744e-06
