feature,importance
Bid Price,0.012469423452663855
Moving Average 20 Day,0.006768647195357414
Low Price,0.004580501047829676
Price Change 1 Day Percent,0.00331833031979234
Dividend Indicated Yld - Gross,0.002352104673627763
High Price,0.0016066876923044528
Price to Sales Ratio,0.001149203851430987
Price Earnings Ratio,0.0008795454603387049
Ask Price,0.0002527962295183287
Price to Book Ratio,8.902322539749253e-05
