epoch,train_loss,val_loss,lr,train_seconds,val_seconds,epoch_seconds
1,0.3916536108567296,0.5057131903710621,0.001,1.1380345819999995,0.019230075999999485,1.1572790390000005
2,0.24533957824057576,0.26032984868074077,0.001,0.13911404600000132,0.01829343900000069,0.15742133500000044
3,0.20157166304981408,0.19558221108707793,0.001,0.13874362900000037,0.018316590000001298,0.15706905900000123
