feature,importance
High Price,0.0038043992792123624
Ask Price,0.00361353171701666
Price to Sales Ratio,0.0033793109558092117
Low Price,0.002933743999543968
Bid Price,0.0024993118362581545
Dividend Indicated Yld - Gross,0.002438674093250613
Price to Book Ratio,0.002156403900817949
Moving Average 20 Day,0.0019127766994980644
Price Earnings Ratio,0.0018536878214529017
Price Change 1 Day Percent,0.0013594325221779385
