feature,importance
Moving Average 20 Day,0.0024315431034120506
Price Change 1 Day Percent,0.0014936722045936913
High Price,0.001434085998112607
Low Price,0.0013554437247645381
Bid Price,0.0012949301480396302
Dividend Indicated Yld - Gross,0.001086219153603196
Ask Price,0.0010850406210452582
Price to Book Ratio,0.0010842789463584564
Price to Sales Ratio,0.0010790203393327218
Price Earnings Ratio,0.001051989861200526
