feature,importance
Price Change 1 Day Percent,0.009912619124494355
Price to Book Ratio,0.005005682180463178
Dividend Indicated Yld - Gross,0.004637787583137482
Bid Price,0.0033845655046028933
Low Price,0.0032968229226147117
Moving Average 20 Day,0.0022291220446479373
Ask Price,0.002087554970704435
Price Earnings Ratio,0.0011610621979420695
High Price,0.001123899482523225
Price to Sales Ratio,0.001087574369185382
