feature,importance
High Price,897289923695.1359
Bid Price,897289923695.1349
Low Price,0.004193008581214929
Ask Price,0.003439739226683942
Moving Average 20 Day,0.0028478761161979207
Price to Sales Ratio,0.0023770565932869415
Price Earnings Ratio,0.0022225490399705957
Price to Book Ratio,0.002191709638550597
Dividend Indicated Yld - Gross,0.0020239263037127434
Price Change 1 Day Percent,0.0012994414129122351
