feature,importance
Price Change 1 Day Percent,0.00890021321441357
Dividend Indicated Yld - Gross,0.008465112715752598
Low Price,0.006985731114788564
Price Earnings Ratio,0.005849475718827715
Bid Price,0.0036534608548714235
High Price,0.003472281944317124
Ask Price,0.0029715841915458506
Moving Average 20 Day,0.002140036039054381
Price to Book Ratio,0.0015902534942142715
Price to Sales Ratio,0.001432765457623949
